car_id,expected_hint,thresh_text,thresh_conf,thresh_ms,raw_text,raw_conf,raw_ms
1003,EY06VVS,EYog VVS,0.387,394.6,EYogwug,0.194,13.0
1011,BP63LYH,BP6J LYH,0.632,48.7,BP6 LYHI,0.113,14.7
1100,EY09VMS,EYo9 VYS,0.152,25.8,EYOgWS,0.186,15.7
1116,LP14LJA,LPI4 LJA,0.765,15.7,LPLILJA,0.77,17.7
1257,NG65ZFX,S ~_l_ ~,0.001,56.0,0gbs ZFX,0.275,15.5
1461,CE61LYL,CEGILYL,0.77,17.1,ceGiL,0.198,14.0
1574,NL64OGX,NL64 OGX,0.9,14.6,NLEA OGX,0.195,13.7
1645,NL64OGX,NL64 OGX,0.441,17.8,NL640g3,0.334,15.1
16,FJ14ZHY,FJIG ZHY,0.81,15.8,FJAZHY,0.712,15.5
1701,SC56DYP,"Y,",0.071,60.7,Aeeeae,0.0,41.4
1,AP05JEO,APOS JEO,0.825,15.9,Zpos JeO],0.139,17.5
298,EY61NBG,EYGI NBG,0.902,14.1,EYGUNBG,0.217,17.5
319,AF65JKV,AF65 JKV,0.639,13.4,465JKV,0.513,13.0
331,NA54KGJ,NASA KGJ,0.392,15.9,MBqJ,0.288,18.3
33,LM13VCV,Lmi3Vcv,0.353,36.2,3,0.028,61.7
346,AK64DMV,AK64 DMV,0.729,15.5,AKBA @HV,0.26,16.3
367,GJ06EPD,GJo6 EPD,0.841,12.5,6obE20,0.342,17.7
386,OU62HYJ,0u62 HYJ,0.88,17.0,WLEZH,0.192,25.3
3,NA13NRU,naijNRU,0.644,14.0,NaIJ NRU,0.48,17.8
5,NV51VSU,MTT1VSU,0.098,25.9,NSIVSU,0.524,27.9
604,DA07CLX,DAO? CLX,0.875,16.1,OOCLX,0.234,15.2
613,EF10DZT,EFIO DZT,0.833,18.4,Ero dZT,0.072,23.1
677,KH06KSU,{KhO6 KSU,0.096,16.6,Khos Ksu,0.246,15.2
6,GX15OGJ,GXis OCJ,0.621,13.0,GXIs OGJ,0.558,9.8
781,LN15ZZC,LMIs ZZC,0.678,17.6,LNISZZC,0.522,15.2
8,KH05ZZK,RHOS ZZK,0.293,10.6,KHOSZZK,0.385,14.9
