filename,ground_truth,raw_text,pred_plate,confidence,latency_ms,exact_match,char_acc
car_1003_EY06VVS_0.46.jpg,EY06VVS,EY09VWS,EY09VWS,1.0,956.85,False,0.7143
car_1011_BP63LYH_0.99.jpg,BP63LYH,BP63LYH,BP63LYH,1.0,921.05,True,1.0
car_1100_EY09VMS_0.65.jpg,EY09VMS,EYO9 VS,EYO9VS,0.8797,906.39,False,0.7692
car_1116_LP14LJA_0.79.jpg,LP14LJA,LP14LJA,LP14LJA,0.9914,950.89,True,1.0
car_1257_NG65ZFX_0.76.jpg,NG65ZFX,WG65 ZF,WG65ZF,0.9431,979.66,False,0.7692
car_1461_CE61LYL_0.81.jpg,CE61LYL,CEYL,CEYL,0.8726,935.97,False,0.7273
car_1574_NL64OGX_0.97.jpg,NL64OGX,NL64 0GX,NL640GX,0.908,1362.07,False,0.8571
car_1645_NL64OGX_0.74.jpg,NL64OGX,NL640GX,NL640GX,0.99,1353.39,False,0.8571
car_16_FJ14ZHY_0.71.jpg,FJ14ZHY,FJI4 ZHY,FJI4ZHY,0.9768,1388.27,False,0.8571
car_1701_SC56DYP_0.71.jpg,SC56DYP,SC56 DYP,SC56DYP,0.9438,1233.02,True,1.0
car_1_AP05JEO_0.89.jpg,AP05JEO,AP0 JE,AP0JE,0.7676,1162.65,False,0.8333
car_298_EY61NBG_0.93.jpg,EY61NBG,EYNBG,EYNBG,0.9289,1148.26,False,0.8333
car_319_AF65JKV_0.89.jpg,AF65JKV,AF65 JKV,AF65JKV,1.0,1227.94,True,1.0
car_331_NA54KGJ_0.46.jpg,NA54KGJ,NA54KGJ,NA54KGJ,1.0,1149.58,True,1.0
car_33_LM13VCV_0.53.jpg,LM13VCV,LHMI3VCV,LHMI3VCV,0.7213,1077.76,False,0.8
car_346_AK64DMV_0.97.jpg,AK64DMV,AK64 DMV,AK64DMV,1.0,1294.52,True,1.0
car_367_GJ06EPD_0.82.jpg,GJ06EPD,GJ0EPD,GJ0EPD,0.753,1131.4,False,0.9231
car_386_OU62HYJ_0.82.jpg,OU62HYJ,DU62HYJ,DU62HYJ,1.0,1189.42,False,0.8571
car_3_NA13NRU_0.79.jpg,NA13NRU,NA13NRU,NA13NRU,1.0,1346.81,True,1.0
car_5_NV51VSU_0.39.jpg,NV51VSU,NSSIAU,NSSIAU,0.6864,1005.56,False,0.4615
car_604_DA07CLX_0.85.jpg,DA07CLX,DA07CLX,DA07CLX,1.0,940.4,True,1.0
car_613_EF10DZT_0.81.jpg,EF10DZT,EFIO DZT,EFIODZT,0.9102,919.19,False,0.7143
car_677_KH06KSU_0.62.jpg,KH06KSU,KHO6 KSU,KHO6KSU,0.8646,994.55,False,0.8571
car_6_GX15OGJ_0.64.jpg,GX15OGJ,GX15 OGJ,GX15OGJ,0.8841,938.89,True,1.0
car_781_LN15ZZC_0.94.jpg,LN15ZZC,LNI5 ZZC,LNI5ZZC,0.9342,866.0,False,0.8571
car_8_KH05ZZK_0.77.jpg,KH05ZZK,KHOSZZK,KHOSZZK,0.9688,840.29,False,0.7143
