car_id,expected_hint,qwen_raw_output,qwen_clean,latency_ms
1003,EY06VVS,EY09YWS,EY09YWS,409.0
1011,BP63LYH,BP63LYH,BP63LYH,453.8
1100,EY09VMS,EY09 VWS,EY09VWS,528.7
1116,LP14LJA,LP14 LJA,LP14LJA,448.7
1257,NG65ZFX,WG65ZFX,WG65ZFX,438.8
1461,CE61LYL,CE61WYL,CE61WYL,447.5
1574,NL64OGX,NL64OGX,NL64OGX,471.5
1645,NL64OGX,NL64OGX,NL64OGX,459.5
16,FJ14ZHY,FJ14 ZHY,FJ14ZHY,563.9
1701,SC56DYP,SC56 DYP,SC56DYP,440.8
1,AP05JEO,APOSJEO,APOSJEO,380.5
298,EY61NBG,EY61NBG,EY61NBG,514.0
319,AF65JKV,AF65JKV,AF65JKV,458.9
331,NA54KGJ,NA54KGJ,NA54KGJ,458.4
33,LM13VCV,LM13VCY,LM13VCY,451.3
346,AK64DMV,AK64 DMV,AK64DMV,516.3
367,GJ06EPD,GJ06EPD,GJ06EPD,498.7
386,OU62HYJ,DUG2HYJ,DUG2HYJ,446.8
3,NA13NRU,NA13 NRU,NA13NRU,453.9
5,NV51VSU,NWS1VSU,NWS1VSU,440.7
604,DA07CLX,DA07CLX,DA07CLX,416.8
613,EF10DZT,EF10DZT,EF10DZT,507.4
677,KH06KSU,KHO6 KSU,KHO6KSU,466.5
6,GX15OGJ,GXI5DGJ,GXI5DGJ,460.0
781,LN15ZZC,LN15 ZZC,LN15ZZC,457.6
8,KH05ZZK,KhosZZk,KHOSZZK,398.7
